<?xml version="1.0"?>
<!-- Game settings -->
<settings>
    <game name="Spire Panic!" />
    <renderer width="1280" height="720"/>
    <font file="Media\Fonts\font.spritefont"/>
    <title_font file="Media\Fonts\title_font.spritefont"/>
    <selection_font file="Media\Fonts\selection_font.spritefont"/>
    <prompt_font file="Media\Fonts\prompt.spritefont"/>
    <big_prompt_font file="Media\Fonts\big_prompt.spritefont"/>
    <!-- sprites -->
    <sprites path="Media\Images">
		<sprite name ="smoke" file ="graysmoke.png "/>
        <sprite name="explosion" file="Explosion\Explosion" ext ="png" frames="5"/>
        <sprite name ="spire_base" file ="spire_base.png"/>
        <sprite name ="spire_peak" file ="spire_peak.png"/>
        <sprite name ="mage1" file ="tower6.png"/>
		<sprite name ="mage2" file ="tower4.png"/>
		<sprite name ="mage3" file ="tower5.png"/>
		<sprite name ="range1" file ="tower2.png"/>
		<sprite name ="range2" file ="tower3.png"/>
		<sprite name ="range3" file ="tower1.png"/>
		<sprite name ="baseLevel" file ="baseLevel.PNG"/>
		<sprite name ="desertLevel" file ="desertLevel.PNG"/>
		<sprite name ="plainsLevel" file ="plainsLevel.PNG"/>
        <!-- HATS -->
        <sprite name="viking_hat" file="Hats\Viking" ext ="png" frames="2"/>
        <sprite name="wizard_hat" file="Hats\Wizard" ext ="png" frames="2"/>
        <sprite name="cyborg_hat" file="Hats\Cyborg" ext ="png" frames="2"/>
        <!-- PROJECTILES -->
		<sprite name ="fireball" file ="fireball.png"/>
        <sprite name ="bullet1" file ="bullet.png"/>
        <sprite name ="throwing_axe" file ="axe.png"/>
        <sprite name ="redline" file ="redline.png"/>
        <!-- TILESETS -->
        <sprite name="simple_tile" file="Tilesets\simple\tile" ext ="png" frames="84"/>
        <sprite name="desert_tile" file="Tilesets\desolate_desert\tile" ext ="png" frames="312"/>
        <sprite name="plains_tile" file="Tilesets\forgotten_plains\tile" ext ="png" frames="352"/>
        <!-- GUI STUFF -->
        <sprite name="title_screen" file="title_screen.png"/>
        <sprite name="menu_box" file="menu_box.png"/>
        <sprite name="black_square" file="black.png"/>
        <sprite name="greenline" file="greenline.png"/>
        <sprite name="button_green" file="button_green.png"/>
        <!-- CURRENCY -->
        <sprite name="coin" file="coin.png"/>
        <sprite name="coin_stack" file="coin_stack.png"/>
        <sprite name="coin_bag" file="coin_bag.png"/>
        <!-- HUMAN -->
        <sprite name="human_idle" file="Human\Idle" ext ="png" frames="16"/>
        <sprite name="human_walk" file="Human\Walk" ext ="png" frames="16"/>
        <!-- GOBLIN -->
        <sprite name="goblin_walk" file="Goblin\Walk" ext ="png" frames="16"/>
        <sprite name="goblin_attack" file="Goblin\Attack" ext ="png" frames="16"/>
        <!-- MINOTAUR -->
        <sprite name="minotaur_walk" file="Minotaur\Walk" ext ="png" frames="24"/>
        <sprite name="minotaur_attack" file="Minotaur\Attack" ext ="png" frames="32"/>
        <!-- WOLF -->
        <sprite name="wolf_walk" file="Wolf\Walk" ext ="png" frames="16"/>
        <sprite name="wolf_attack" file="Wolf\Attack" ext ="png" frames="16"/>
    </sprites>
    <!-- sound -->
    <sounds  path="Media\Sounds">
        <sound name ="menu_song" file ="menu_song.wav"/>
        <sound name ="map_song" file ="map_song.wav"/>
        <sound name ="44Mag" file ="44magnum.wav"/>
        <sound name ="clang" file ="clang.wav"/>
        <sound name ="coin_grab" file ="coin_grab.wav"/>
        <sound name ="explosion_sound" file ="explosion_sound.wav"/>
        <sound name ="fireball_sound" file ="fireball_sound.wav"/>
        <sound name ="laser_sound" file ="laser_sound.wav"/>
        <sound name ="axe_sound" file ="axe_sound.wav"/>
    </sounds>
</settings>
